level,branch,round,episode,reward,epsilon,arrivati,collisioni,steps,unique_states
0,L0_B0,1,1,-1.3999999999999986,1.0,0,4,45,0.0
0,L0_B0,1,2,104.55,1.0,1,3,40,0.0
0,L0_B0,1,3,11.749999999999897,1.0,0,4,58,0.0
0,L0_B0,1,4,115.9500000000003,1.0,1,3,56,0.0
0,L0_B0,1,5,46.69999999999963,1.0,0,4,95,0.0
0,L0_B0,1,6,52.94999999999959,1.0,0,4,97,0.0
0,L0_B0,1,7,9.699999999999942,1.0,0,4,56,0.0
0,L0_B0,1,8,12.449999999999914,1.0,0,4,58,0.0
0,L0_B0,1,9,0.6999999999999815,1.0,0,4,45,0.0
0,L0_B0,1,10,9.649999999999917,1.0,0,4,58,0.0
0,L0_B0,1,11,13.899999999999878,1.0,0,4,56,0.0
0,L0_B0,1,12,43.749999999999645,1.0,0,4,94,0.0
0,L0_B0,1,13,10.299999999999908,1.0,0,4,53,0.0
0,L0_B0,1,14,17.299999999999855,1.0,0,4,60,0.0
0,L0_B0,1,15,150.85000000000076,1.0,1,3,99,0.0
0,L0_B0,1,16,13.549999999999876,1.0,0,4,56,0.0
0,L0_B0,1,17,13.399999999999885,1.0,0,4,62,0.0
0,L0_B0,1,18,53.44999999999956,1.0,0,4,98,0.0
0,L0_B0,1,19,127.05000000000037,1.0,1,3,58,0.0
0,L0_B0,1,20,10.399999999999903,1.0,0,4,56,0.0
0,L0_B0,1,21,147.7000000000005,1.0,1,3,99,0.0
0,L0_B0,1,22,160.85000000000008,1.0,1,3,99,0.0
0,L0_B0,1,23,121.89999999999996,1.0,1,3,58,0.0
0,L0_B0,1,24,8.949999999999928,1.0,0,4,58,0.0
0,L0_B0,1,25,2.799999999999958,1.0,0,4,45,0.0
0,L0_B0,1,26,8.949999999999928,1.0,0,4,58,0.0
0,L0_B0,1,27,13.599999999999888,1.0,0,4,61,0.0
0,L0_B0,1,28,46.44999999999963,1.0,0,4,98,0.0
0,L0_B0,1,29,11.249999999999932,1.0,0,4,57,0.0
0,L0_B0,1,30,45.649999999999665,1.0,0,4,95,0.0
0,L0_B0,1,31,117.45000000000064,1.0,1,3,57,0.0
0,L0_B0,1,32,19.199999999999825,1.0,0,4,61,0.0
0,L0_B0,1,33,48.19999999999962,1.0,0,4,98,0.0
0,L0_B0,1,34,123.15000000000053,1.0,1,3,61,0.0
0,L0_B0,1,35,122.65000000000028,1.0,1,3,58,0.0
0,L0_B0,1,36,12.149999999999896,1.0,0,4,56,0.0
0,L0_B0,1,37,1.7499999999999787,1.0,0,4,45,0.0
0,L0_B0,1,38,45.79999999999964,1.0,0,4,96,0.0
0,L0_B0,1,39,47.749999999999645,1.0,0,4,95,0.0
0,L0_B0,1,40,11.149999999999896,1.0,0,4,61,0.0
0,L0_B0,1,41,12.849999999999888,1.0,0,4,56,0.0
0,L0_B0,1,42,224.85000000000036,1.0,2,2,57,0.0
0,L0_B0,1,43,144.400000000001,1.0,1,3,95,0.0
0,L0_B0,1,44,5.499999999999968,1.0,0,4,56,0.0
0,L0_B0,1,45,47.499999999999645,1.0,0,4,98,0.0
0,L0_B0,1,46,12.74999999999988,1.0,0,4,53,0.0
0,L0_B0,1,47,153.7000000000001,1.0,1,3,96,0.0
0,L0_B0,1,48,52.89999999999958,1.0,0,4,99,0.0
0,L0_B0,1,49,155.24999999999983,1.0,1,3,96,0.0
0,L0_B0,1,50,157.7999999999999,1.0,1,3,95,0.0
0,L0_B0,1,51,17.94999999999984,1.0,0,4,62,0.0
0,L0_B0,1,52,12.34999999999988,1.0,0,4,55,0.0
0,L0_B0,1,53,118.0000000000002,1.0,1,3,55,0.0
0,L0_B0,1,54,20.049999999999834,1.0,0,4,62,0.0
0,L0_B0,1,55,112.25000000000048,1.0,1,3,52,0.0
0,L0_B0,1,56,123.65000000000019,1.0,1,3,58,0.0
0,L0_B0,1,57,0.8499999999999943,1.0,0,4,46,0.0
0,L0_B0,1,58,49.14999999999961,1.0,0,4,95,0.0
0,L0_B0,1,59,2.599999999999987,1.0,0,4,46,0.0
0,L0_B0,1,60,15.84999999999986,1.0,0,4,62,0.0
0,L0_B0,1,61,8.699999999999928,1.0,0,4,54,0.0
0,L0_B0,1,62,-1.1500000000000057,1.0,0,4,42,0.0
0,L0_B0,1,63,14.049999999999876,1.0,0,4,57,0.0
0,L0_B0,1,64,-2.4999999999999787,1.0,0,4,40,0.0
0,L0_B0,1,65,9.249999999999904,1.0,0,4,53,0.0
0,L0_B0,1,66,45.64999999999968,1.0,0,4,95,0.0
0,L0_B0,1,67,12.4499999999999,1.0,0,4,58,0.0
0,L0_B0,1,68,12.099999999999905,1.0,0,4,58,0.0
0,L0_B0,1,69,8.599999999999941,1.0,0,4,58,0.0
0,L0_B0,1,70,52.049999999999585,1.0,0,4,98,0.0
0,L0_B0,1,71,48.599999999999596,1.0,0,4,96,0.0
0,L0_B0,1,72,15.59999999999986,1.0,0,4,58,0.0
0,L0_B0,1,73,13.84999999999988,1.0,0,4,58,0.0
0,L0_B0,1,74,16.74999999999985,1.0,0,4,61,0.0
0,L0_B0,1,75,15.949999999999854,1.0,0,4,58,0.0
0,L0_B0,1,76,121.50000000000018,1.0,1,3,58,0.0
0,L0_B0,1,77,17.349999999999838,1.0,0,4,58,0.0
0,L0_B0,1,78,124.65000000000022,1.0,1,3,62,0.0
0,L0_B0,1,79,16.64999999999987,1.0,0,4,58,0.0
0,L0_B0,1,80,-0.9000000000000057,1.0,0,4,39,0.0
0,L0_B0,1,81,153.20000000000013,1.0,1,3,100,0.0
0,L0_B0,1,82,-4.749999999999979,1.0,0,4,39,0.0
0,L0_B0,1,83,104.75000000000013,1.0,1,3,39,0.0
0,L0_B0,1,84,11.749999999999911,1.0,0,4,58,0.0
0,L0_B0,1,85,48.449999999999605,1.0,0,4,95,0.0
0,L0_B0,1,86,12.54999999999987,1.0,0,4,54,0.0
0,L0_B0,1,87,11.149999999999903,1.0,0,4,54,0.0
0,L0_B0,1,88,13.349999999999874,1.0,0,4,57,0.0
0,L0_B0,1,89,17.799999999999855,1.0,0,4,61,0.0
0,L0_B0,1,90,15.799999999999876,1.0,0,4,57,0.0
0,L0_B0,1,91,17.449999999999847,1.0,0,4,61,0.0
0,L0_B0,1,92,107.50000000000018,1.0,1,3,42,0.0
0,L0_B0,1,93,123.65000000000005,1.0,1,3,57,0.0
0,L0_B0,1,94,103.50000000000013,1.0,1,3,39,0.0
0,L0_B0,1,95,147.7500000000004,1.0,1,3,95,0.0
0,L0_B0,1,96,110.20000000000022,1.0,1,3,46,0.0
0,L0_B0,1,97,49.249999999999616,1.0,0,4,98,0.0
0,L0_B0,1,98,-1.8499999999999872,1.0,0,4,42,0.0
0,L0_B0,1,99,14.299999999999883,1.0,0,4,61,0.0
0,L0_B0,1,100,17.949999999999847,1.0,0,4,62,0.0
0,L0_B0,2,1,16.299999999999862,1.0,0,4,65,0.0
0,L0_B0,2,2,-13.249999999999968,1.0,0,4,29,0.0
0,L0_B0,2,3,235.0000000000001,1.0,2,2,67,0.0
0,L0_B0,2,4,258.05000000000035,1.0,2,2,109,0.0
0,L0_B0,2,5,167.85000000000002,1.0,1,3,113,0.0
0,L0_B0,2,6,3.049999999999965,1.0,0,4,42,0.0
0,L0_B0,2,7,61.24999999999959,1.0,0,4,115,0.0
0,L0_B0,2,8,20.099999999999852,1.0,0,4,67,0.0
0,L0_B0,2,9,18.749999999999844,1.0,0,4,65,0.0
0,L0_B0,2,10,122.9500000000004,1.0,1,3,65,0.0
0,L0_B0,2,11,68.59999999999947,1.0,0,4,115,0.0
0,L0_B0,2,12,-1.9499999999999957,1.0,0,4,46,0.0
0,L0_B0,2,13,66.84999999999948,1.0,0,4,115,0.0
0,L0_B0,2,14,129.35000000000025,1.0,1,3,66,0.0
0,L0_B0,2,15,10.549999999999915,1.0,0,4,57,0.0
0,L0_B0,2,16,261.05000000000115,1.0,2,2,111,0.0
0,L0_B0,2,17,60.19999999999955,1.0,0,4,115,0.0
0,L0_B0,2,18,120.15000000000028,1.0,1,3,58,0.0
0,L0_B0,2,19,26.44999999999978,1.0,0,4,65,0.0
0,L0_B0,2,20,157.25000000000074,1.0,1,3,112,0.0
0,L0_B0,2,21,15.749999999999908,1.0,0,4,66,0.0
0,L0_B0,2,22,20.549999999999812,1.0,0,4,63,0.0
0,L0_B0,2,23,169.89999999999998,1.0,1,3,111,0.0
0,L0_B0,2,24,121.60000000000001,1.0,1,3,62,0.0
0,L0_B0,2,25,129.65000000000038,1.0,1,3,66,0.0
0,L0_B0,2,26,14.04999999999989,1.0,0,4,64,0.0
0,L0_B0,2,27,121.75000000000018,1.0,1,3,62,0.0
0,L0_B0,2,28,15.749999999999872,1.0,0,4,66,0.0
0,L0_B0,2,29,15.699999999999896,1.0,0,4,61,0.0
0,L0_B0,2,30,58.39999999999958,1.0,0,4,110,0.0
0,L0_B0,2,31,120.05000000000022,1.0,1,3,58,0.0
0,L0_B0,2,32,70.34999999999943,1.0,0,4,115,0.0
0,L0_B0,2,33,13.249999999999893,1.0,0,4,61,0.0
0,L0_B0,2,34,124.25000000000078,1.0,1,3,65,0.0
0,L0_B0,2,35,125.75000000000036,1.0,1,3,63,0.0
0,L0_B0,2,36,166.10000000000065,1.0,1,3,115,0.0
0,L0_B0,2,37,21.349999999999824,1.0,0,4,66,0.0
0,L0_B0,2,38,122.95000000000017,1.0,1,3,63,0.0
0,L0_B0,2,39,257.9500000000013,1.0,2,2,113,0.0
0,L0_B0,2,40,16.949999999999847,1.0,0,4,67,0.0
0,L0_B0,2,41,164.05000000000052,1.0,1,3,112,0.0
0,L0_B0,2,42,230.90000000000015,1.0,2,2,58,0.0
0,L0_B0,2,43,10.549999999999923,1.0,0,4,57,0.0
0,L0_B0,2,44,155.4500000000004,1.0,1,3,109,0.0
0,L0_B0,2,45,15.999999999999872,1.0,0,4,63,0.0
0,L0_B0,2,46,67.59999999999948,1.0,0,4,113,0.0
0,L0_B0,2,47,1.8999999999999773,1.0,0,4,46,0.0
0,L0_B0,2,48,-2.1999999999999744,1.0,0,4,42,0.0
0,L0_B0,2,49,63.54999999999953,1.0,0,4,114,0.0
0,L0_B0,2,50,22.39999999999981,1.0,0,4,66,0.0
0,L0_B0,2,51,67.89999999999945,1.0,0,4,115,0.0
0,L0_B0,2,52,269.0500000000017,1.0,2,2,110,0.0
0,L0_B0,2,53,256.70000000000107,1.0,2,2,114,0.0
0,L0_B0,2,54,23.599999999999806,1.0,0,4,67,0.0
0,L0_B0,2,55,61.29999999999956,1.0,0,4,113,0.0
0,L0_B0,2,56,126.7000000000002,1.0,1,3,63,0.0
0,L0_B0,2,57,21.84999999999983,1.0,0,4,67,0.0
0,L0_B0,2,58,19.149999999999828,1.0,0,4,63,0.0
0,L0_B0,2,59,18.99999999999985,1.0,0,4,62,0.0
0,L0_B0,2,60,17.199999999999847,1.0,0,4,64,0.0
0,L0_B0,2,61,12.799999999999876,1.0,0,4,58,0.0
0,L0_B0,2,62,21.699999999999818,1.0,0,4,66,0.0
0,L0_B0,2,63,14.049999999999876,1.0,0,4,57,0.0
0,L0_B0,2,64,-12.199999999999964,1.0,0,4,29,0.0
0,L0_B0,2,65,65.79999999999949,1.0,0,4,115,0.0
0,L0_B0,2,66,120.19999999999995,1.0,1,3,54,0.0
0,L0_B0,2,67,233.85000000000014,1.0,2,2,67,0.0
0,L0_B0,2,68,16.549999999999848,1.0,0,4,62,0.0
0,L0_B0,2,69,15.599999999999902,1.0,0,4,65,0.0
0,L0_B0,2,70,0.6999999999999957,1.0,0,4,45,0.0
0,L0_B0,2,71,64.94999999999948,1.0,0,4,114,0.0
0,L0_B0,2,72,128.45000000000016,1.0,1,3,64,0.0
0,L0_B0,2,73,22.549999999999816,1.0,0,4,67,0.0
0,L0_B0,2,74,17.249999999999844,1.0,0,4,62,0.0
0,L0_B0,2,75,170.04999999999993,1.0,1,3,111,0.0
0,L0_B0,2,76,128.25000000000009,1.0,1,3,67,0.0
0,L0_B0,2,77,21.799999999999805,1.0,0,4,62,0.0
0,L0_B0,2,78,19.999999999999837,1.0,0,4,64,0.0
0,L0_B0,2,79,69.14999999999947,1.0,0,4,114,0.0
0,L0_B0,2,80,1.2999999999999687,1.0,0,4,42,0.0
0,L0_B0,2,81,120.7000000000004,1.0,1,3,58,0.0
0,L0_B0,2,82,107.55000000000022,1.0,1,3,45,0.0
0,L0_B0,2,83,-1.8499999999999943,1.0,0,4,42,0.0
0,L0_B0,2,84,122.60000000000021,1.0,1,3,62,0.0
0,L0_B0,2,85,17.44999999999984,1.0,0,4,61,0.0
0,L0_B0,2,86,23.449999999999793,1.0,0,4,66,0.0
0,L0_B0,2,87,14.39999999999987,1.0,0,4,57,0.0
0,L0_B0,2,88,127.4000000000001,1.0,1,3,66,0.0
0,L0_B0,2,89,165.95000000000064,1.0,1,3,111,0.0
0,L0_B0,2,90,21.24999999999983,1.0,0,4,63,0.0
0,L0_B0,2,91,174.09999999999962,1.0,1,3,112,0.0
0,L0_B0,2,92,19.94999999999986,1.0,0,4,66,0.0
0,L0_B0,2,93,123.65000000000005,1.0,1,3,57,0.0
0,L0_B0,2,94,106.10000000000015,1.0,1,3,45,0.0
0,L0_B0,2,95,120.4500000000002,1.0,1,3,58,0.0
0,L0_B0,2,96,125.69999999999997,1.0,1,3,62,0.0
0,L0_B0,2,97,106.80000000000022,1.0,1,3,45,0.0
0,L0_B0,2,98,19.249999999999865,1.0,0,4,66,0.0
0,L0_B0,2,99,17.199999999999868,1.0,0,4,64,0.0
0,L0_B0,2,100,169.25000000000023,1.0,1,3,112,0.0
0,L0_B0,3,1,112.05000000000027,1.0,1,3,52,0.0
0,L0_B0,3,2,31.899999999999753,1.0,0,4,78,0.0
0,L0_B0,3,3,145.65000000000023,1.0,1,3,89,0.0
0,L0_B0,3,4,42.19999999999969,1.0,0,4,93,0.0
0,L0_B0,3,5,-2.549999999999997,1.0,0,4,42,0.0
0,L0_B0,3,6,245.35000000000036,1.0,2,2,79,0.0
0,L0_B0,3,7,32.34999999999978,1.0,0,4,81,0.0
0,L0_B0,3,8,1.3999999999999844,1.0,0,4,45,0.0
0,L0_B0,3,9,150.99999999999983,1.0,1,3,90,0.0
0,L0_B0,3,10,146.8500000000002,1.0,1,3,93,0.0
0,L0_B0,3,11,10.499999999999904,1.0,0,4,52,0.0
0,L0_B0,3,12,26.69999999999978,1.0,0,4,76,0.0
0,L0_B0,3,13,221.45000000000022,1.0,2,2,52,0.0
0,L0_B0,3,14,47.999999999999616,1.0,0,4,92,0.0
0,L0_B0,3,15,138.9000000000002,1.0,1,3,82,0.0
0,L0_B0,3,16,362.05000000000024,1.0,3,1,89,0.0
0,L0_B0,3,17,144.25000000000074,1.0,1,3,93,0.0
0,L0_B0,3,18,136.55000000000055,1.0,1,3,80,0.0
0,L0_B0,3,19,22.849999999999813,1.0,0,4,62,0.0
0,L0_B0,3,20,140.1499999999998,1.0,1,3,81,0.0
0,L0_B0,3,21,11.649999999999945,1.0,0,4,62,0.0
0,L0_B0,3,22,19.699999999999818,1.0,0,4,62,0.0
0,L0_B0,3,23,41.74999999999967,1.0,0,4,90,0.0
0,L0_B0,3,24,37.54999999999974,1.0,0,4,90,0.0
0,L0_B0,3,25,114.85,1.0,1,3,48,0.0
0,L0_B0,3,26,142.80000000000035,1.0,1,3,89,0.0
0,L0_B0,3,27,42.09999999999965,1.0,0,4,90,0.0
0,L0_B0,3,28,140.15000000000077,1.0,1,3,93,0.0
0,L0_B0,3,29,115.90000000000026,1.0,1,3,55,0.0
0,L0_B0,3,30,243.1500000000002,1.0,2,2,77,0.0
0,L0_B0,3,31,118.75000000000004,1.0,1,3,54,0.0
0,L0_B0,3,32,150.50000000000026,1.0,1,3,90,0.0
0,L0_B0,3,33,31.849999999999742,1.0,0,4,80,0.0
0,L0_B0,3,34,145.69999999999976,1.0,1,3,79,0.0
0,L0_B0,3,35,17.099999999999866,1.0,0,4,61,0.0
0,L0_B0,3,36,224.60000000000025,1.0,2,2,51,0.0
0,L0_B0,3,37,245.90000000000106,1.0,2,2,88,0.0
0,L0_B0,3,38,29.449999999999765,1.0,0,4,78,0.0
0,L0_B0,3,39,129.70000000000093,1.0,1,3,77,0.0
0,L0_B0,3,40,36.14999999999972,1.0,0,4,90,0.0
0,L0_B0,3,41,333.5000000000003,1.0,3,1,55,0.0
0,L0_B0,3,42,10.599999999999913,1.0,0,4,55,0.0
0,L0_B0,3,43,30.299999999999773,1.0,0,4,79,0.0
0,L0_B0,3,44,35.44999999999975,1.0,0,4,90,0.0
0,L0_B0,3,45,143.10000000000065,1.0,1,3,93,0.0
0,L0_B0,3,46,36.7999999999997,1.0,0,4,78,0.0
0,L0_B0,3,47,30.149999999999775,1.0,0,4,78,0.0
0,L0_B0,3,48,244.30000000000047,1.0,2,2,81,0.0
0,L0_B0,3,49,241.50000000000063,1.0,2,2,78,0.0
0,L0_B0,3,50,44.19999999999965,1.0,0,4,90,0.0
0,L0_B0,3,51,125.00000000000016,1.0,1,3,62,0.0
0,L0_B0,3,52,105.55000000000017,1.0,1,3,42,0.0
0,L0_B0,3,53,115.65000000000035,1.0,1,3,55,0.0
0,L0_B0,3,54,45.49999999999967,1.0,0,4,94,0.0
0,L0_B0,3,55,105.10000000000024,1.0,1,3,41,0.0
0,L0_B0,3,56,154.5500000000003,1.0,1,3,94,0.0
0,L0_B0,3,57,109.65000000000026,1.0,1,3,46,0.0
0,L0_B0,3,58,36.5499999999997,1.0,0,4,81,0.0
0,L0_B0,3,59,144.95000000000113,1.0,1,3,93,0.0
0,L0_B0,3,60,42.399999999999665,1.0,0,4,92,0.0
0,L0_B0,3,61,9.899999999999917,1.0,0,4,55,0.0
0,L0_B0,3,62,254.75000000000006,1.0,2,2,91,0.0
0,L0_B0,3,63,119.35000000000035,1.0,1,3,56,0.0
0,L0_B0,3,64,8.399999999999945,1.0,0,4,52,0.0
0,L0_B0,3,65,236.45000000000078,1.0,2,2,89,0.0
0,L0_B0,3,66,5.849999999999948,1.0,0,4,49,0.0
0,L0_B0,3,67,35.14999999999971,1.0,0,4,81,0.0
0,L0_B0,3,68,16.549999999999848,1.0,0,4,62,0.0
0,L0_B0,3,69,42.349999999999696,1.0,0,4,94,0.0
0,L0_B0,3,70,7.349999999999941,1.0,0,4,52,0.0
0,L0_B0,3,71,15.699999999999854,1.0,0,4,61,0.0
0,L0_B0,3,72,9.799999999999908,1.0,0,4,52,0.0
0,L0_B0,3,73,153.89999999999998,1.0,1,3,91,0.0
0,L0_B0,3,74,148.80000000000018,1.0,1,3,90,0.0
0,L0_B0,3,75,45.049999999999656,1.0,0,4,91,0.0
0,L0_B0,3,76,459.1500000000003,1.0,4,1,85,0.0
0,L0_B0,3,77,46.14999999999962,1.0,0,4,89,0.0
0,L0_B0,3,78,41.59999999999968,1.0,0,4,89,0.0
0,L0_B0,3,79,13.399999999999892,1.0,0,4,55,0.0
0,L0_B0,3,80,114.3000000000005,1.0,1,3,51,0.0
0,L0_B0,3,81,139.0500000000001,1.0,1,3,82,0.0
0,L0_B0,3,82,15.849999999999866,1.0,0,4,62,0.0
0,L0_B0,3,83,319.6000000000002,1.0,3,1,41,0.0
0,L0_B0,3,84,10.749999999999925,1.0,0,4,56,0.0
0,L0_B0,3,85,139.09999999999997,1.0,1,3,77,0.0
0,L0_B0,3,86,147.60000000000088,1.0,1,3,89,0.0
0,L0_B0,3,87,9.949999999999907,1.0,0,4,53,0.0
0,L0_B0,3,88,44.34999999999964,1.0,0,4,91,0.0
0,L0_B0,3,89,10.149999999999917,1.0,0,4,52,0.0
0,L0_B0,3,90,19.049999999999848,1.0,0,4,60,0.0
0,L0_B0,3,91,120.35000000000026,1.0,1,3,56,0.0
0,L0_B0,3,92,137.8500000000011,1.0,1,3,92,0.0
0,L0_B0,3,93,153.14999999999986,1.0,1,3,93,0.0
0,L0_B0,3,94,113.40000000000012,1.0,1,3,51,0.0
0,L0_B0,3,95,242.85000000000014,1.0,2,2,77,0.0
0,L0_B0,3,96,16.899999999999856,1.0,0,4,62,0.0
0,L0_B0,3,97,32.69999999999975,1.0,0,4,81,0.0
0,L0_B0,3,98,108.75000000000026,1.0,1,3,48,0.0
0,L0_B0,3,99,252.15000000000026,1.0,2,2,92,0.0
0,L0_B0,3,100,46.39999999999965,1.0,0,4,93,0.0
0,L0_B0,4,1,136.40000000000055,1.0,1,3,86,0.0
0,L0_B0,4,2,-2.5499999999999687,1.0,0,4,42,0.0
0,L0_B0,4,3,137.6500000000005,1.0,1,3,84,0.0
0,L0_B0,4,4,35.24999999999973,1.0,0,4,84,0.0
0,L0_B0,4,5,41.44999999999966,1.0,0,4,88,0.0
0,L0_B0,4,6,247.95000000000027,1.0,2,2,83,0.0
0,L0_B0,4,7,34.54999999999977,1.0,0,4,84,0.0
0,L0_B0,4,8,143.94999999999993,1.0,1,3,85,0.0
0,L0_B0,4,9,139.09999999999985,1.0,1,3,77,0.0
0,L0_B0,4,10,242.4500000000001,1.0,2,2,84,0.0
0,L0_B0,4,11,39.799999999999685,1.0,0,4,84,0.0
0,L0_B0,4,12,33.69999999999972,1.0,0,4,83,0.0
0,L0_B0,4,13,40.649999999999665,1.0,0,4,85,0.0
0,L0_B0,4,14,146.2000000000001,1.0,1,3,83,0.0
0,L0_B0,4,15,-2.549999999999983,1.0,0,4,42,0.0
0,L0_B0,4,16,37.0499999999997,1.0,0,4,82,0.0
0,L0_B0,4,17,243.05000000000047,1.0,2,2,84,0.0
0,L0_B0,4,18,37.199999999999704,1.0,0,4,83,0.0
0,L0_B0,4,19,143.6500000000005,1.0,1,3,80,0.0
0,L0_B0,4,20,-1.1999999999999957,1.0,0,4,44,0.0
0,L0_B0,4,21,29.699999999999807,1.0,0,4,82,0.0
0,L0_B0,4,22,36.89999999999969,1.0,0,4,81,0.0
0,L0_B0,4,23,36.44999999999972,1.0,0,4,85,0.0
0,L0_B0,4,24,136.15000000000043,1.0,1,3,84,0.0
0,L0_B0,4,25,41.34999999999965,1.0,0,4,85,0.0
0,L0_B0,4,26,141.89999999999986,1.0,1,3,84,0.0
0,L0_B0,4,27,33.04999999999973,1.0,0,4,81,0.0
0,L0_B0,4,28,1.9999999999999645,1.0,0,4,49,0.0
0,L0_B0,4,29,147.64999999999992,1.0,1,3,84,0.0
0,L0_B0,4,30,139.65000000000026,1.0,1,3,85,0.0
0,L0_B0,4,31,136.30000000000044,1.0,1,3,84,0.0
0,L0_B0,4,32,141.75000000000028,1.0,1,3,81,0.0
0,L0_B0,4,33,138.8500000000004,1.0,1,3,83,0.0
0,L0_B0,4,34,142.15000000000092,1.0,1,3,84,0.0
0,L0_B0,4,35,39.44999999999969,1.0,0,4,84,0.0
0,L0_B0,4,36,146.9999999999999,1.0,1,3,85,0.0
0,L0_B0,4,37,38.0499999999997,1.0,0,4,84,0.0
0,L0_B0,4,38,32.34999999999974,1.0,0,4,81,0.0
0,L0_B0,4,39,37.349999999999724,1.0,0,4,84,0.0
0,L0_B0,4,40,25.449999999999793,1.0,0,4,77,0.0
0,L0_B0,4,41,40.59999999999968,1.0,0,4,87,0.0
0,L0_B0,4,42,142.55000000000035,1.0,1,3,84,0.0
0,L0_B0,4,43,-2.04999999999999,1.0,0,4,43,0.0
0,L0_B0,4,44,215.75000000000017,1.0,2,2,49,0.0
0,L0_B0,4,45,28.249999999999783,1.0,0,4,77,0.0
0,L0_B0,4,46,149.2999999999999,1.0,1,3,84,0.0
0,L0_B0,4,47,-0.6500000000000057,1.0,0,4,43,0.0
0,L0_B0,4,48,-1.3499999999999872,1.0,0,4,43,0.0
0,L0_B0,4,49,38.89999999999969,1.0,0,4,85,0.0
0,L0_B0,4,50,34.64999999999972,1.0,0,4,80,0.0
0,L0_B0,4,51,144.60000000000025,1.0,1,3,85,0.0
0,L0_B0,4,52,43.24999999999963,1.0,0,4,86,0.0
0,L0_B0,4,53,37.29999999999973,1.0,0,4,86,0.0
0,L0_B0,4,54,137.70000000000073,1.0,1,3,80,0.0
0,L0_B0,4,55,148.59999999999974,1.0,1,3,86,0.0
0,L0_B0,4,56,145.54999999999984,1.0,1,3,80,0.0
0,L0_B0,4,57,143.84999999999985,1.0,1,3,80,0.0
0,L0_B0,4,58,35.34999999999971,1.0,0,4,80,0.0
0,L0_B0,4,59,252.64999999999998,1.0,2,2,82,0.0
0,L0_B0,4,60,2.3499999999999623,1.0,0,4,49,0.0
0,L0_B0,4,61,146.84999999999985,1.0,1,3,84,0.0
0,L0_B0,4,62,248.55000000000047,1.0,2,2,84,0.0
0,L0_B0,4,63,40.149999999999665,1.0,0,4,84,0.0
0,L0_B0,4,64,243.6500000000009,1.0,2,2,85,0.0
0,L0_B0,4,65,38.049999999999685,1.0,0,4,84,0.0
0,L0_B0,4,66,38.99999999999973,1.0,0,4,88,0.0
0,L0_B0,4,67,239.50000000000074,1.0,2,2,80,0.0
0,L0_B0,4,68,250.75000000000017,1.0,2,2,85,0.0
0,L0_B0,4,69,1.9999999999999787,1.0,0,4,49,0.0
0,L0_B0,4,70,37.24999999999969,1.0,0,4,81,0.0
0,L0_B0,4,71,146.25000000000006,1.0,1,3,86,0.0
0,L0_B0,4,72,149.44999999999987,1.0,1,3,86,0.0
0,L0_B0,4,73,33.499999999999716,1.0,0,4,77,0.0
0,L0_B0,4,74,34.44999999999972,1.0,0,4,81,0.0
0,L0_B0,4,75,6.899999999999931,1.0,0,4,49,0.0
0,L0_B0,4,76,38.09999999999968,1.0,0,4,82,0.0
0,L0_B0,4,77,39.99999999999967,1.0,0,4,83,0.0
0,L0_B0,4,78,147.90000000000006,1.0,1,3,86,0.0
0,L0_B0,4,79,43.94999999999965,1.0,0,4,86,0.0
0,L0_B0,4,80,149.45000000000016,1.0,1,3,83,0.0
0,L0_B0,4,81,-2.8999999999999915,1.0,0,4,42,0.0
0,L0_B0,4,82,136.70000000000084,1.0,1,3,85,0.0
0,L0_B0,4,83,146.55000000000015,1.0,1,3,86,0.0
0,L0_B0,4,84,35.94999999999973,1.0,0,4,84,0.0
0,L0_B0,4,85,37.19999999999969,1.0,0,4,83,0.0
0,L0_B0,4,86,142.40000000000094,1.0,1,3,84,0.0
0,L0_B0,4,87,136.1000000000012,1.0,1,3,84,0.0
0,L0_B0,4,88,38.39999999999968,1.0,0,4,84,0.0
0,L0_B0,4,89,141.0000000000008,1.0,1,3,86,0.0
0,L0_B0,4,90,353.70000000000044,1.0,3,1,84,0.0
0,L0_B0,4,91,37.5499999999997,1.0,0,4,83,0.0
0,L0_B0,4,92,134.85000000000062,1.0,1,3,83,0.0
0,L0_B0,4,93,36.54999999999971,1.0,0,4,81,0.0
0,L0_B0,4,94,35.599999999999724,1.0,0,4,84,0.0
0,L0_B0,4,95,34.049999999999756,1.0,0,4,83,0.0
0,L0_B0,4,96,33.899999999999736,1.0,0,4,82,0.0
0,L0_B0,4,97,247.8000000000004,1.0,2,2,84,0.0
0,L0_B0,4,98,36.44999999999973,1.0,0,4,85,0.0
0,L0_B0,4,99,30.999999999999755,1.0,0,4,79,0.0
0,L0_B0,4,100,40.799999999999685,1.0,0,4,86,0.0
0,L0_B0,5,1,148.35000000000073,1.0,1,3,100,0.0
0,L0_B0,5,2,105.45000000000006,1.0,1,3,42,0.0
0,L0_B0,5,3,54.04999999999956,1.0,0,4,102,0.0
0,L0_B0,5,4,154.0000000000002,1.0,1,3,100,0.0
0,L0_B0,5,5,55.04999999999957,1.0,0,4,104,0.0
0,L0_B0,5,6,158.60000000000002,1.0,1,3,96,0.0
0,L0_B0,5,7,143.400000000001,1.0,1,3,98,0.0
0,L0_B0,5,8,50.74999999999963,1.0,0,4,101,0.0
0,L0_B0,5,9,140.20000000000005,1.0,1,3,81,0.0
0,L0_B0,5,10,47.09999999999964,1.0,0,4,100,0.0
0,L0_B0,5,11,53.44999999999958,1.0,0,4,98,0.0
0,L0_B0,5,12,145.75000000000102,1.0,1,3,96,0.0
0,L0_B0,5,13,158.80000000000013,1.0,1,3,100,0.0
0,L0_B0,5,14,54.49999999999956,1.0,0,4,98,0.0
0,L0_B0,5,15,107.15000000000013,1.0,1,3,44,0.0
0,L0_B0,5,16,37.89999999999969,1.0,0,4,83,0.0
0,L0_B0,5,17,147.85000000000093,1.0,1,3,100,0.0
0,L0_B0,5,18,51.39999999999958,1.0,0,4,96,0.0
0,L0_B0,5,19,131.20000000000044,1.0,1,3,65,0.0
0,L0_B0,5,20,-3.249999999999993,1.0,0,4,42,0.0
0,L0_B0,5,21,26.79999999999983,1.0,0,4,79,0.0
0,L0_B0,5,22,23.449999999999793,1.0,0,4,66,0.0
0,L0_B0,5,23,53.34999999999958,1.0,0,4,102,0.0
0,L0_B0,5,24,151.10000000000036,1.0,1,3,100,0.0
0,L0_B0,5,25,52.39999999999958,1.0,0,4,98,0.0
0,L0_B0,5,26,51.24999999999959,1.0,0,4,102,0.0
0,L0_B0,5,27,51.299999999999585,1.0,0,4,100,0.0
0,L0_B0,5,28,133.55000000000035,1.0,1,3,80,0.0
0,L0_B0,5,29,56.69999999999955,1.0,0,4,101,0.0
0,L0_B0,5,30,49.899999999999636,1.0,0,4,100,0.0
0,L0_B0,5,31,50.74999999999963,1.0,0,4,101,0.0
0,L0_B0,5,32,38.79999999999967,1.0,0,4,82,0.0
0,L0_B0,5,33,46.149999999999636,1.0,0,4,96,0.0
0,L0_B0,5,34,52.74999999999956,1.0,0,4,98,0.0
0,L0_B0,5,35,249.30000000000098,1.0,2,2,98,0.0
0,L0_B0,5,36,52.84999999999961,1.0,0,4,101,0.0
0,L0_B0,5,37,51.4999999999996,1.0,0,4,99,0.0
0,L0_B0,5,38,25.3499999999998,1.0,0,4,74,0.0
0,L0_B0,5,39,50.64999999999962,1.0,0,4,98,0.0
0,L0_B0,5,40,29.699999999999765,1.0,0,4,82,0.0
0,L0_B0,5,41,54.049999999999585,1.0,0,4,102,0.0
0,L0_B0,5,42,51.349999999999596,1.0,0,4,98,0.0
0,L0_B0,5,43,-1.8999999999999986,1.0,0,4,44,0.0
0,L0_B0,5,44,237.65000000000026,1.0,2,2,80,0.0
0,L0_B0,5,45,31.649999999999768,1.0,0,4,81,0.0
0,L0_B0,5,46,53.099999999999596,1.0,0,4,98,0.0
0,L0_B0,5,47,0.19999999999998863,1.0,0,4,44,0.0
0,L0_B0,5,48,-0.14999999999999147,1.0,0,4,44,0.0
0,L0_B0,5,49,50.94999999999962,1.0,0,4,100,0.0
0,L0_B0,5,50,36.699999999999704,1.0,0,4,82,0.0
0,L0_B0,5,51,53.74999999999956,1.0,0,4,100,0.0
0,L0_B0,5,52,60.149999999999494,1.0,0,4,103,0.0
0,L0_B0,5,53,53.14999999999961,1.0,0,4,103,0.0
0,L0_B0,5,54,35.29999999999974,1.0,0,4,82,0.0
0,L0_B0,5,55,51.94999999999962,1.0,0,4,102,0.0
0,L0_B0,5,56,145.25000000000006,1.0,1,3,82,0.0
0,L0_B0,5,57,34.14999999999972,1.0,0,4,79,0.0
0,L0_B0,5,58,21.199999999999818,1.0,0,4,65,0.0
0,L0_B0,5,59,54.44999999999958,1.0,0,4,100,0.0
0,L0_B0,5,60,241.30000000000064,1.0,2,2,82,0.0
0,L0_B0,5,61,54.94999999999955,1.0,0,4,101,0.0
0,L0_B0,5,62,52.9999999999996,1.0,0,4,102,0.0
0,L0_B0,5,63,159.79999999999956,1.0,1,4,100,0.0
0,L0_B0,5,64,54.44999999999958,1.0,0,4,100,0.0
0,L0_B0,5,65,52.99999999999959,1.0,0,4,102,0.0
0,L0_B0,5,66,155.9500000000004,1.0,1,3,102,0.0
0,L0_B0,5,67,18.049999999999834,1.0,0,4,65,0.0
0,L0_B0,5,68,151.05000000000095,1.0,1,3,100,0.0
0,L0_B0,5,69,30.099999999999778,1.0,0,4,80,0.0
0,L0_B0,5,70,52.049999999999585,1.0,0,4,98,0.0
0,L0_B0,5,71,54.04999999999956,1.0,0,4,102,0.0
0,L0_B0,5,72,53.749999999999574,1.0,0,4,100,0.0
0,L0_B0,5,73,144.40000000000043,1.0,1,3,83,0.0
0,L0_B0,5,74,34.94999999999972,1.0,0,4,82,0.0
0,L0_B0,5,75,141.65000000000015,1.0,1,3,80,0.0
0,L0_B0,5,76,38.59999999999968,1.0,0,4,83,0.0
0,L0_B0,5,77,55.19999999999955,1.0,0,4,98,0.0
0,L0_B0,5,78,54.749999999999574,1.0,0,4,102,0.0
0,L0_B0,5,79,58.749999999999545,1.0,0,4,103,0.0
0,L0_B0,5,80,361.3000000000013,1.0,3,1,96,0.0
0,L0_B0,5,81,-0.5000000000000071,1.0,0,4,44,0.0
0,L0_B0,5,82,50.249999999999616,1.0,0,4,100,0.0
0,L0_B0,5,83,55.79999999999956,1.0,0,4,102,0.0
0,L0_B0,5,84,159.14999999999966,1.0,1,3,101,0.0
0,L0_B0,5,85,260.3500000000003,1.0,2,2,96,0.0
0,L0_B0,5,86,57.09999999999951,1.0,0,4,99,0.0
0,L0_B0,5,87,52.749999999999574,1.0,0,4,98,0.0
0,L0_B0,5,88,53.34999999999958,1.0,0,4,102,0.0
0,L0_B0,5,89,152.75000000000134,1.0,1,3,102,0.0
0,L0_B0,5,90,55.64999999999958,1.0,0,4,101,0.0
0,L0_B0,5,91,49.64999999999961,1.0,0,4,96,0.0
0,L0_B0,5,92,47.14999999999968,1.0,0,4,98,0.0
0,L0_B0,5,93,155.15000000000023,1.0,1,3,100,0.0
0,L0_B0,5,94,50.39999999999962,1.0,0,4,101,0.0
0,L0_B0,5,95,47.29999999999967,1.0,0,4,99,0.0
0,L0_B0,5,96,136.90000000000032,1.0,1,3,79,0.0
0,L0_B0,5,97,148.8000000000009,1.0,1,3,98,0.0
0,L0_B0,5,98,49.599999999999625,1.0,0,4,98,0.0
0,L0_B0,5,99,34.399999999999736,1.0,0,4,83,0.0
0,L0_B0,5,100,55.09999999999958,1.0,0,4,102,0.0
0,L0_B0,6,1,135.5000000000005,1.0,1,3,85,0.0
0,L0_B0,6,2,107.15000000000013,1.0,1,3,43,0.0
0,L0_B0,6,3,136.75000000000017,1.0,1,3,81,0.0
0,L0_B0,6,4,35.399999999999736,1.0,0,4,85,0.0
0,L0_B0,6,5,35.9999999999997,1.0,0,4,82,0.0
0,L0_B0,6,6,3.049999999999965,1.0,0,4,42,0.0
0,L0_B0,6,7,107.90000000000028,1.0,1,3,43,0.0
0,L0_B0,6,8,30.0999999999998,1.0,0,4,80,0.0
0,L0_B0,6,9,33.399999999999736,1.0,0,4,81,0.0
0,L0_B0,6,10,137.60000000000036,1.0,1,3,85,0.0
0,L0_B0,6,11,107.84999999999995,1.0,1,4,43,0.0
0,L0_B0,6,12,-4.649999999999984,1.0,0,4,42,0.0
0,L0_B0,6,13,36.199999999999704,1.0,0,4,81,0.0
0,L0_B0,6,14,34.89999999999971,1.0,0,4,77,0.0
0,L0_B0,6,15,103.64999999999999,1.0,1,4,43,0.0
0,L0_B0,6,16,37.0499999999997,1.0,0,4,82,0.0
0,L0_B0,6,17,28.249999999999762,1.0,0,4,77,0.0
0,L0_B0,6,18,218.55000000000018,1.0,2,2,42,0.0
0,L0_B0,6,19,11.449999999999893,1.0,0,4,49,0.0
0,L0_B0,6,20,-1.1999999999999957,1.0,0,4,44,0.0
0,L0_B0,6,21,133.35000000000034,1.0,1,3,80,0.0
0,L0_B0,6,22,5.499999999999954,1.0,0,4,49,0.0
0,L0_B0,6,23,242.2500000000005,1.0,2,3,82,0.0
0,L0_B0,6,24,238.50000000000023,1.0,2,2,74,0.0
0,L0_B0,6,25,142.65000000000018,1.0,1,3,80,0.0
0,L0_B0,6,26,29.899999999999768,1.0,0,4,81,0.0
0,L0_B0,6,27,34.249999999999716,1.0,0,4,82,0.0
0,L0_B0,6,28,26.149999999999796,1.0,0,4,77,0.0
0,L0_B0,6,29,107.80000000000014,1.0,1,3,42,0.0
0,L0_B0,6,30,32.34999999999977,1.0,0,4,81,0.0
0,L0_B0,6,31,-0.10000000000000853,1.0,0,4,42,0.0
0,L0_B0,6,32,37.949999999999676,1.0,0,4,81,0.0
0,L0_B0,6,33,-3.599999999999987,1.0,0,4,42,0.0
0,L0_B0,6,34,149.44999999999987,1.0,1,3,84,0.0
0,L0_B0,6,35,5.849999999999962,1.0,0,4,49,0.0
0,L0_B0,6,36,109.05000000000004,1.0,1,3,42,0.0
0,L0_B0,6,37,142.44999999999996,1.0,1,3,81,0.0
0,L0_B0,6,38,130.800000000001,1.0,1,3,80,0.0
0,L0_B0,6,39,107.4000000000001,1.0,1,3,42,0.0
0,L0_B0,6,40,23.249999999999797,1.0,0,4,74,0.0
0,L0_B0,6,41,138.30000000000058,1.0,1,3,81,0.0
0,L0_B0,6,42,-1.1499999999999915,1.0,0,4,42,0.0
0,L0_B0,6,43,-1.8999999999999986,1.0,0,4,44,0.0
0,L0_B0,6,44,20.799999999999855,1.0,0,4,74,0.0
0,L0_B0,6,45,31.649999999999768,1.0,0,4,81,0.0
0,L0_B0,6,46,109.45000000000019,1.0,1,3,43,0.0
0,L0_B0,6,47,-1.499999999999993,1.0,0,4,42,0.0
0,L0_B0,6,48,215.60000000000025,1.0,2,2,42,0.0
0,L0_B0,6,49,141.5500000000001,1.0,1,3,81,0.0
0,L0_B0,6,50,29.549999999999752,1.0,0,4,74,0.0
0,L0_B0,6,51,5.849999999999934,1.0,0,4,49,0.0
0,L0_B0,6,52,139.65000000000063,1.0,1,3,81,0.0
0,L0_B0,6,53,32.34999999999977,1.0,0,4,81,0.0
0,L0_B0,6,54,31.399999999999768,1.0,0,4,77,0.0
0,L0_B0,6,55,246.1000000000006,1.0,2,2,81,0.0
0,L0_B0,6,56,33.499999999999716,1.0,0,4,77,0.0
0,L0_B0,6,57,248.90000000000032,1.0,2,2,81,0.0
0,L0_B0,6,58,5.849999999999934,1.0,0,4,49,0.0
0,L0_B0,6,59,145.2499999999999,1.0,1,3,83,0.0
0,L0_B0,6,60,242.1500000000002,1.0,2,2,75,0.0
0,L0_B0,6,61,105.55000000000005,1.0,1,3,42,0.0
0,L0_B0,6,62,34.79999999999973,1.0,0,4,81,0.0
0,L0_B0,6,63,142.80000000000013,1.0,1,3,81,0.0
0,L0_B0,6,64,351.10000000000053,1.0,3,1,81,0.0
0,L0_B0,6,65,35.14999999999971,1.0,0,4,81,0.0
0,L0_B0,6,66,135.55000000000086,1.0,1,3,85,0.0
0,L0_B0,6,67,4.4499999999999496,1.0,0,4,49,0.0
0,L0_B0,6,68,113.15000000000003,1.0,1,3,49,0.0
0,L0_B0,6,69,28.24999999999979,1.0,0,4,77,0.0
0,L0_B0,6,70,144.50000000000023,1.0,1,3,81,0.0
0,L0_B0,6,71,141.45000000000027,1.0,1,3,81,0.0
0,L0_B0,6,72,35.699999999999704,1.0,0,4,80,0.0
0,L0_B0,6,73,143.5000000000004,1.0,1,3,82,0.0
0,L0_B0,6,74,34.44999999999972,1.0,0,4,81,0.0
0,L0_B0,6,75,29.549999999999773,1.0,0,4,74,0.0
0,L0_B0,6,76,38.09999999999968,1.0,0,4,82,0.0
0,L0_B0,6,77,248.1500000000001,1.0,2,2,74,0.0
0,L0_B0,6,78,39.74999999999969,1.0,0,4,86,0.0
0,L0_B0,6,79,147.04999999999998,1.0,1,3,81,0.0
0,L0_B0,6,80,3.6999999999999567,1.0,0,4,44,0.0
0,L0_B0,6,81,-2.8999999999999915,1.0,0,4,42,0.0
0,L0_B0,6,82,35.599999999999724,1.0,0,4,84,0.0
0,L0_B0,6,83,36.5499999999997,1.0,0,4,81,0.0
0,L0_B0,6,84,-2.54999999999999,1.0,0,4,42,0.0
0,L0_B0,6,85,106.45000000000023,1.0,1,3,42,0.0
0,L0_B0,6,86,39.34999999999965,1.0,0,4,81,0.0
0,L0_B0,6,87,39.449999999999676,1.0,0,4,84,0.0
0,L0_B0,6,88,35.849999999999696,1.0,0,4,81,0.0
0,L0_B0,6,89,246.25000000000114,1.0,2,2,85,0.0
0,L0_B0,6,90,8.649999999999931,1.0,0,4,49,0.0
0,L0_B0,6,91,2.649999999999963,1.0,0,4,44,0.0
0,L0_B0,6,92,29.649999999999796,1.0,0,4,77,0.0
0,L0_B0,6,93,37.04999999999971,1.0,0,4,82,0.0
0,L0_B0,6,94,32.69999999999975,1.0,0,4,81,0.0
0,L0_B0,6,95,215.3500000000002,1.0,2,2,42,0.0
0,L0_B0,6,96,140.54999999999995,1.0,1,3,80,0.0
0,L0_B0,6,97,-3.0999999999999943,1.0,0,4,43,0.0
0,L0_B0,6,98,31.499999999999776,1.0,0,4,80,0.0
0,L0_B0,6,99,243.3500000000007,1.0,2,2,82,0.0
0,L0_B0,6,100,37.04999999999971,1.0,0,4,82,0.0
0,L0_B0,7,1,142.15000000000023,1.0,1,3,88,0.0
0,L0_B0,7,2,224.6000000000003,1.0,2,2,56,0.0
0,L0_B0,7,3,33.89999999999972,1.0,0,4,82,0.0
0,L0_B0,7,4,16.34999999999986,1.0,0,4,63,0.0
0,L0_B0,7,5,9.749999999999904,1.0,0,4,54,0.0
0,L0_B0,7,6,43.74999999999966,1.0,0,4,87,0.0
0,L0_B0,7,7,9.699999999999942,1.0,0,4,56,0.0
0,L0_B0,7,8,39.14999999999972,1.0,0,4,89,0.0
0,L0_B0,7,9,125.25000000000027,1.0,1,3,66,0.0
0,L0_B0,7,10,120.55000000000037,1.0,1,3,63,0.0
0,L0_B0,7,11,116.8500000000002,1.0,1,3,50,0.0
0,L0_B0,7,12,9.999999999999911,1.0,0,4,58,0.0
0,L0_B0,7,13,115.85000000000039,1.0,1,3,53,0.0
0,L0_B0,7,14,230.0500000000003,1.0,2,2,63,0.0
0,L0_B0,7,15,108.05000000000003,1.0,1,3,43,0.0
0,L0_B0,7,16,143.55000000000067,1.0,1,3,88,0.0
0,L0_B0,7,17,119.95000000000049,1.0,1,3,63,0.0
0,L0_B0,7,18,119.70000000000023,1.0,1,3,56,0.0
0,L0_B0,7,19,48.09999999999961,1.0,0,4,88,0.0
0,L0_B0,7,20,6.649999999999938,1.0,0,4,52,0.0
0,L0_B0,7,21,138.00000000000074,1.0,1,3,92,0.0
0,L0_B0,7,22,150.3500000000004,1.0,1,3,92,0.0
0,L0_B0,7,23,7.4999999999999325,1.0,0,4,53,0.0
0,L0_B0,7,24,121.00000000000018,1.0,1,3,63,0.0
0,L0_B0,7,25,-12.049999999999965,1.0,0,4,30,0.0
0,L0_B0,7,26,37.599999999999696,1.0,0,4,88,0.0
0,L0_B0,7,27,123.00000000000001,1.0,1,3,63,0.0
0,L0_B0,7,28,11.999999999999893,1.0,0,4,62,0.0
0,L0_B0,7,29,142.04999999999973,1.0,1,4,82,0.0
0,L0_B0,7,30,11.799999999999901,1.0,0,4,56,0.0
0,L0_B0,7,31,244.10000000000025,1.0,2,2,80,0.0
0,L0_B0,7,32,47.64999999999961,1.0,0,4,92,0.0
0,L0_B0,7,33,4.549999999999958,1.0,0,4,52,0.0
0,L0_B0,7,34,114.55000000000041,1.0,1,3,52,0.0
0,L0_B0,7,35,44.89999999999965,1.0,0,4,90,0.0
0,L0_B0,7,36,138.25000000000057,1.0,1,3,82,0.0
0,L0_B0,7,37,128.45000000000007,1.0,1,3,66,0.0
0,L0_B0,7,38,39.99999999999969,1.0,0,4,90,0.0
0,L0_B0,7,39,115.40000000000029,1.0,1,3,53,0.0
0,L0_B0,7,40,34.44999999999973,1.0,0,4,88,0.0
0,L0_B0,7,41,116.70000000000027,1.0,1,3,53,0.0
0,L0_B0,7,42,7.199999999999935,1.0,0,4,51,0.0
0,L0_B0,7,43,102.95,1.0,1,4,43,0.0
0,L0_B0,7,44,11.449999999999928,1.0,0,4,63,0.0
0,L0_B0,7,45,17.499999999999872,1.0,0,4,66,0.0
0,L0_B0,7,46,125.95000000000026,1.0,1,3,59,0.0
0,L0_B0,7,47,13.29999999999989,1.0,0,4,59,0.0
0,L0_B0,7,48,8.199999999999942,1.0,0,4,53,0.0
0,L0_B0,7,49,7.349999999999948,1.0,0,4,52,0.0
0,L0_B0,7,50,42.99999999999966,1.0,0,4,89,0.0
0,L0_B0,7,51,41.299999999999656,1.0,0,4,87,0.0
0,L0_B0,7,52,39.149999999999665,1.0,0,4,82,0.0
0,L0_B0,7,53,32.34999999999977,1.0,0,4,81,0.0
0,L0_B0,7,54,146.75000000000003,1.0,1,3,88,0.0
0,L0_B0,7,55,8.899999999999931,1.0,0,4,53,0.0
0,L0_B0,7,56,47.14999999999961,1.0,0,4,91,0.0
0,L0_B0,7,57,44.29999999999967,1.0,0,4,93,0.0
0,L0_B0,7,58,45.24999999999963,1.0,0,4,90,0.0
0,L0_B0,7,59,42.49999999999967,1.0,0,4,88,0.0
0,L0_B0,7,60,15.84999999999986,1.0,0,4,62,0.0
0,L0_B0,7,61,33.94999999999972,1.0,0,4,80,0.0
0,L0_B0,7,62,35.29999999999973,1.0,0,4,82,0.0
0,L0_B0,7,63,118.00000000000026,1.0,1,3,53,0.0
0,L0_B0,7,64,227.2,1.0,2,2,53,0.0
0,L0_B0,7,65,36.349999999999696,1.0,0,4,82,0.0
0,L0_B0,7,66,42.39999999999971,1.0,0,4,92,0.0
0,L0_B0,7,67,40.94999999999966,1.0,0,4,87,0.0
0,L0_B0,7,68,150.15000000000015,1.0,1,3,91,0.0
0,L0_B0,7,69,121.25000000000013,1.0,1,3,63,0.0
0,L0_B0,7,70,8.549999999999937,1.0,0,4,53,0.0
0,L0_B0,7,71,41.44999999999965,1.0,0,4,88,0.0
0,L0_B0,7,72,147.45000000000073,1.0,1,3,91,0.0
0,L0_B0,7,73,47.9999999999996,1.0,0,4,92,0.0
0,L0_B0,7,74,144.75000000000068,1.0,1,3,92,0.0
0,L0_B0,7,75,251.0500000000008,1.0,2,2,91,0.0
0,L0_B0,7,76,151.40000000000035,1.0,1,3,92,0.0
0,L0_B0,7,77,21.799999999999805,1.0,0,4,62,0.0
0,L0_B0,7,78,22.899999999999803,1.0,0,4,67,0.0
0,L0_B0,7,79,145.3000000000002,1.0,1,3,81,0.0
0,L0_B0,7,80,15.64999999999985,1.0,0,4,56,0.0
0,L0_B0,7,81,11.299999999999894,1.0,0,4,55,0.0
0,L0_B0,7,82,37.79999999999971,1.0,0,4,87,0.0
0,L0_B0,7,83,120.30000000000037,1.0,1,3,56,0.0
0,L0_B0,7,84,114.3500000000002,1.0,1,3,52,0.0
0,L0_B0,7,85,8.399999999999917,1.0,0,4,52,0.0
0,L0_B0,7,86,10.49999999999989,1.0,0,4,52,0.0
0,L0_B0,7,87,220.10000000000042,1.0,2,2,53,0.0
0,L0_B0,7,88,37.549999999999685,1.0,0,4,83,0.0
0,L0_B0,7,89,12.199999999999886,1.0,0,4,54,0.0
0,L0_B0,7,90,48.149999999999636,1.0,0,4,93,0.0
0,L0_B0,7,91,110.85000000000005,1.0,1,3,43,0.0
0,L0_B0,7,92,123.10000000000021,1.0,1,3,62,0.0
0,L0_B0,7,93,21.249999999999822,1.0,0,4,63,0.0
0,L0_B0,7,94,133.55000000000092,1.0,1,3,82,0.0
0,L0_B0,7,95,137.05000000000007,1.0,1,3,80,0.0
0,L0_B0,7,96,41.09999999999967,1.0,0,4,88,0.0
0,L0_B0,7,97,10.499999999999925,1.0,0,4,59,0.0
0,L0_B0,7,98,114.25000000000031,1.0,1,3,52,0.0
0,L0_B0,7,99,43.09999999999967,1.0,0,4,92,0.0
0,L0_B0,7,100,18.449999999999854,1.0,0,4,63,0.0
0,L0_B0,8,1,75.69999999999945,1.0,0,4,132,0.0
0,L0_B0,8,2,139.50000000000034,1.0,1,3,80,0.0
0,L0_B0,8,3,124.15000000000047,1.0,1,3,65,0.0
0,L0_B0,8,4,33.54999999999974,1.0,0,4,82,0.0
0,L0_B0,8,5,132.90000000000097,1.0,1,3,80,0.0
0,L0_B0,8,6,229.95000000000022,1.0,2,2,57,0.0
0,L0_B0,8,7,223.60000000000014,1.0,2,2,55,0.0
0,L0_B0,8,8,77.29999999999944,1.0,0,4,131,0.0
0,L0_B0,8,9,33.399999999999736,1.0,0,4,81,0.0
0,L0_B0,8,10,30.749999999999762,1.0,0,4,82,0.0
0,L0_B0,8,11,34.69999999999972,1.0,0,4,78,0.0
0,L0_B0,8,12,224.00000000000023,1.0,2,2,57,0.0
0,L0_B0,8,13,136.60000000000105,1.0,1,3,80,0.0
0,L0_B0,8,14,125.55000000000037,1.0,1,3,63,0.0
0,L0_B0,8,15,30.649999999999768,1.0,0,4,79,0.0
0,L0_B0,8,16,175.50000000000082,1.0,1,3,131,0.0
0,L0_B0,8,17,117.35000000000045,1.0,1,3,61,0.0
0,L0_B0,8,18,119.45000000000032,1.0,1,3,56,0.0
0,L0_B0,8,19,187.8000000000006,1.0,1,3,131,0.0
0,L0_B0,8,20,135.80000000000038,1.0,1,3,80,0.0
0,L0_B0,8,21,74.44999999999949,1.0,0,4,133,0.0
0,L0_B0,8,22,181.50000000000128,1.0,1,3,133,0.0
0,L0_B0,8,23,32.69999999999975,1.0,0,4,81,0.0
0,L0_B0,8,24,117.65000000000052,1.0,1,3,64,0.0
0,L0_B0,8,25,186.0500000000002,1.0,1,3,131,0.0
0,L0_B0,8,26,119.85000000000029,1.0,1,3,62,0.0
0,L0_B0,8,27,34.249999999999716,1.0,0,4,82,0.0
0,L0_B0,8,28,14.899999999999878,1.0,0,4,65,0.0
0,L0_B0,8,29,228.00000000000034,1.0,2,2,60,0.0
0,L0_B0,8,30,135.95000000000041,1.0,1,3,80,0.0
0,L0_B0,8,31,14.149999999999899,1.0,0,4,60,0.0
0,L0_B0,8,32,82.89999999999935,1.0,0,4,131,0.0
0,L0_B0,8,33,117.34999999999994,1.0,1,3,56,0.0
0,L0_B0,8,34,37.94999999999966,1.0,0,4,81,0.0
0,L0_B0,8,35,173.15000000000143,1.0,1,3,130,0.0
0,L0_B0,8,36,123.64999999999999,1.0,1,3,59,0.0
0,L0_B0,8,37,126.15000000000045,1.0,1,3,66,0.0
0,L0_B0,8,38,77.4999999999994,1.0,0,4,130,0.0
0,L0_B0,8,39,335.1500000000004,1.0,3,1,55,0.0
0,L0_B0,8,40,73.79999999999944,1.0,0,4,131,0.0
0,L0_B0,8,41,139.4,1.0,1,3,78,0.0
0,L0_B0,8,42,119.15000000000028,1.0,1,3,57,0.0
0,L0_B0,8,43,30.299999999999773,1.0,0,4,79,0.0
0,L0_B0,8,44,26.599999999999806,1.0,0,4,80,0.0
0,L0_B0,8,45,122.60000000000012,1.0,1,3,62,0.0
0,L0_B0,8,46,15.14999999999987,1.0,0,4,55,0.0
0,L0_B0,8,47,228.50000000000023,1.0,2,2,57,0.0
0,L0_B0,8,48,11.599999999999905,1.0,0,4,57,0.0
0,L0_B0,8,49,32.749999999999744,1.0,0,4,79,0.0
0,L0_B0,8,50,82.54999999999936,1.0,0,4,131,0.0
0,L0_B0,8,51,183.4500000000004,1.0,1,3,129,0.0
0,L0_B0,8,52,140.5500000000004,1.0,1,3,80,0.0
0,L0_B0,8,53,31.149999999999782,1.0,0,4,80,0.0
0,L0_B0,8,54,74.8499999999995,1.0,0,4,131,0.0
0,L0_B0,8,55,131.20000000000098,1.0,1,3,80,0.0
0,L0_B0,8,56,193.5499999999995,1.0,1,3,131,0.0
0,L0_B0,8,57,79.84999999999943,1.0,0,4,134,0.0
0,L0_B0,8,58,284.5500000000002,1.0,2,2,131,0.0
0,L0_B0,8,59,37.04999999999971,1.0,0,4,82,0.0
0,L0_B0,8,60,123.30000000000042,1.0,1,3,63,0.0
0,L0_B0,8,61,122.85000000000015,1.0,1,3,60,0.0
0,L0_B0,8,62,128.1500000000002,1.0,1,3,66,0.0
0,L0_B0,8,63,138.65000000000057,1.0,1,3,81,0.0
0,L0_B0,8,64,130.5500000000009,1.0,1,3,80,0.0
0,L0_B0,8,65,21.19999999999981,1.0,0,4,65,0.0
0,L0_B0,8,66,162.85000000000178,1.0,1,3,131,0.0
0,L0_B0,8,67,281.2000000000012,1.0,2,2,131,0.0
0,L0_B0,8,68,79.44999999999938,1.0,0,4,129,0.0
0,L0_B0,8,69,12.699999999999925,1.0,0,4,62,0.0
0,L0_B0,8,70,38.09999999999968,1.0,0,4,82,0.0
0,L0_B0,8,71,80.44999999999936,1.0,0,4,131,0.0
0,L0_B0,8,72,166.10000000000204,1.0,1,3,129,0.0
0,L0_B0,8,73,21.349999999999824,1.0,0,4,66,0.0
0,L0_B0,8,74,82.19999999999935,1.0,0,4,131,0.0
0,L0_B0,8,75,235.95000000000027,1.0,2,2,62,0.0
0,L0_B0,8,76,182.30000000000038,1.0,1,3,131,0.0
0,L0_B0,8,77,130.90000000000038,1.0,1,3,66,0.0
0,L0_B0,8,78,36.199999999999704,1.0,0,4,81,0.0
0,L0_B0,8,79,38.49999999999969,1.0,0,4,80,0.0
0,L0_B0,8,80,136.0500000000012,1.0,1,3,80,0.0
0,L0_B0,8,81,11.09999999999987,1.0,0,4,56,0.0
0,L0_B0,8,82,80.24999999999939,1.0,0,4,132,0.0
0,L0_B0,8,83,140.60000000000048,1.0,1,3,80,0.0
0,L0_B0,8,84,12.599999999999909,1.0,0,4,59,0.0
0,L0_B0,8,85,120.05,1.0,1,3,56,0.0
0,L0_B0,8,86,22.5999999999998,1.0,0,4,65,0.0
0,L0_B0,8,87,38.09999999999968,1.0,0,4,82,0.0
0,L0_B0,8,88,234.65000000000015,1.0,2,2,63,0.0
0,L0_B0,8,89,134.55000000000112,1.0,1,3,82,0.0
0,L0_B0,8,90,179.60000000000116,1.0,1,3,131,0.0
0,L0_B0,8,91,142.64999999999998,1.0,1,3,80,0.0
0,L0_B0,8,92,233.05000000000013,1.0,2,2,63,0.0
0,L0_B0,8,93,37.04999999999971,1.0,0,4,82,0.0
0,L0_B0,8,94,134.45000000000084,1.0,1,3,82,0.0
0,L0_B0,8,95,121.90000000000022,1.0,1,3,60,0.0
0,L0_B0,8,96,83.54999999999934,1.0,0,4,133,0.0
0,L0_B0,8,97,115.20000000000022,1.0,1,3,55,0.0
0,L0_B0,8,98,286.6500000000006,1.0,2,2,131,0.0
0,L0_B0,8,99,78.34999999999941,1.0,0,4,131,0.0
0,L0_B0,8,100,138.2000000000005,1.0,1,3,81,0.0
0,L0_B0,9,1,135.5000000000005,1.0,1,3,85,0.0
0,L0_B0,9,2,108.05000000000017,1.0,1,3,44,0.0
0,L0_B0,9,3,137.35000000000048,1.0,1,3,84,0.0
0,L0_B0,9,4,36.24999999999973,1.0,0,4,86,0.0
0,L0_B0,9,5,35.9999999999997,1.0,0,4,82,0.0
0,L0_B0,9,6,114.75000000000014,1.0,1,3,46,0.0
0,L0_B0,9,7,326.75000000000006,1.0,3,1,44,0.0
0,L0_B0,9,8,249.05000000000007,1.0,2,2,83,0.0
0,L0_B0,9,9,36.64999999999971,1.0,0,4,84,0.0
0,L0_B0,9,10,138.15000000000038,1.0,1,3,86,0.0
0,L0_B0,9,11,107.84999999999995,1.0,1,4,43,0.0
0,L0_B0,9,12,104.5000000000001,1.0,1,3,42,0.0
0,L0_B0,9,13,36.199999999999704,1.0,0,4,81,0.0
0,L0_B0,9,14,35.39999999999971,1.0,0,4,78,0.0
0,L0_B0,9,15,0.4999999999999858,1.0,0,4,46,0.0
0,L0_B0,9,16,148.14999999999986,1.0,1,3,85,0.0
0,L0_B0,9,17,29.099999999999756,1.0,0,4,78,0.0
0,L0_B0,9,18,0.599999999999973,1.0,0,4,42,0.0
0,L0_B0,9,19,37.349999999999696,1.0,0,4,77,0.0
0,L0_B0,9,20,106.50000000000021,1.0,1,3,44,0.0
0,L0_B0,9,21,63.04999999999957,1.0,0,4,120,0.0
0,L0_B0,9,22,78.54999999999936,1.0,0,4,123,0.0
0,L0_B0,9,23,245.90000000000043,1.0,2,2,83,0.0
0,L0_B0,9,24,28.849999999999806,1.0,0,4,81,0.0
0,L0_B0,9,25,145.95000000000022,1.0,1,3,83,0.0
0,L0_B0,9,26,29.899999999999768,1.0,0,4,81,0.0
0,L0_B0,9,27,35.09999999999971,1.0,0,4,83,0.0
0,L0_B0,9,28,29.549999999999766,1.0,0,4,81,0.0
0,L0_B0,9,29,110.9500000000001,1.0,1,3,46,0.0
0,L0_B0,9,30,241.7000000000006,1.0,2,2,81,0.0
0,L0_B0,9,31,112.5500000000001,1.0,1,3,46,0.0
0,L0_B0,9,32,77.49999999999937,1.0,0,4,123,0.0
0,L0_B0,9,33,106.10000000000001,1.0,1,3,42,0.0
0,L0_B0,9,34,40.84999999999964,1.0,0,4,84,0.0
0,L0_B0,9,35,73.34999999999944,1.0,0,4,121,0.0
0,L0_B0,9,36,112.00000000000009,1.0,1,3,45,0.0
0,L0_B0,9,37,38.0499999999997,1.0,0,4,84,0.0
0,L0_B0,9,38,70.54999999999944,1.0,0,4,121,0.0
0,L0_B0,9,39,218.80000000000013,1.0,2,2,46,0.0
0,L0_B0,9,40,135.69999999999985,1.0,1,3,79,0.0
0,L0_B0,9,41,138.30000000000058,1.0,1,3,81,0.0
0,L0_B0,9,42,-1.1499999999999915,1.0,0,4,42,0.0
0,L0_B0,9,43,0.14999999999999858,1.0,0,4,46,0.0
0,L0_B0,9,44,25.24999999999982,1.0,0,4,78,0.0
0,L0_B0,9,45,31.649999999999768,1.0,0,4,81,0.0
0,L0_B0,9,46,112.40000000000023,1.0,1,3,46,0.0
0,L0_B0,9,47,109.90000000000023,1.0,1,3,46,0.0
0,L0_B0,9,48,213.95000000000016,1.0,2,3,46,0.0
0,L0_B0,9,49,35.14999999999972,1.0,0,4,81,0.0
0,L0_B0,9,50,33.44999999999973,1.0,0,4,79,0.0
0,L0_B0,9,51,34.29999999999971,1.0,0,4,80,0.0
0,L0_B0,9,52,37.949999999999676,1.0,0,4,81,0.0
0,L0_B0,9,53,32.34999999999977,1.0,0,4,81,0.0
0,L0_B0,9,54,35.29999999999974,1.0,0,4,82,0.0
0,L0_B0,9,55,35.84999999999971,1.0,0,4,81,0.0
0,L0_B0,9,56,78.69999999999936,1.0,0,4,124,0.0
0,L0_B0,9,57,273.9500000000002,1.0,2,2,120,0.0
0,L0_B0,9,58,170.00000000000057,1.0,1,3,121,0.0
0,L0_B0,9,59,145.2499999999999,1.0,1,3,83,0.0
0,L0_B0,9,60,32.89999999999972,1.0,0,4,80,0.0
0,L0_B0,9,61,0.4999999999999787,1.0,0,4,46,0.0
0,L0_B0,9,62,141.60000000000036,1.0,1,3,84,0.0
0,L0_B0,9,63,36.5499999999997,1.0,0,4,81,0.0
0,L0_B0,9,64,137.50000000000074,1.0,1,3,81,0.0
0,L0_B0,9,65,38.049999999999685,1.0,0,4,84,0.0
0,L0_B0,9,66,161.0000000000016,1.0,1,3,123,0.0
0,L0_B0,9,67,33.94999999999972,1.0,0,4,80,0.0
0,L0_B0,9,68,68.69999999999946,1.0,0,4,118,0.0
0,L0_B0,9,69,28.74999999999979,1.0,0,4,78,0.0
0,L0_B0,9,70,143.90000000000026,1.0,1,3,81,0.0
0,L0_B0,9,71,142.3500000000003,1.0,1,3,82,0.0
0,L0_B0,9,72,171.65000000000055,1.0,1,3,118,0.0
0,L0_B0,9,73,42.54999999999964,1.0,0,4,86,0.0
0,L0_B0,9,74,75.1999999999994,1.0,0,4,124,0.0
0,L0_B0,9,75,33.29999999999974,1.0,0,4,78,0.0
0,L0_B0,9,76,75.19999999999942,1.0,0,4,124,0.0
0,L0_B0,9,77,38.299999999999685,1.0,0,4,81,0.0
0,L0_B0,9,78,39.74999999999969,1.0,0,4,86,0.0
0,L0_B0,9,79,39.699999999999676,1.0,0,4,81,0.0
0,L0_B0,9,80,111.90000000000006,1.0,1,3,44,0.0
0,L0_B0,9,81,1.5499999999999687,1.0,0,4,46,0.0
0,L0_B0,9,82,36.44999999999972,1.0,0,4,85,0.0
0,L0_B0,9,83,36.5499999999997,1.0,0,4,81,0.0
0,L0_B0,9,84,1.549999999999983,1.0,0,4,46,0.0
0,L0_B0,9,85,1.7499999999999574,1.0,0,4,45,0.0
0,L0_B0,9,86,143.8500000000008,1.0,1,3,84,0.0
0,L0_B0,9,87,39.449999999999676,1.0,0,4,84,0.0
0,L0_B0,9,88,143.45,1.0,1,3,81,0.0
0,L0_B0,9,89,138.20000000000118,1.0,1,3,85,0.0
0,L0_B0,9,90,72.54999999999944,1.0,0,4,118,0.0
0,L0_B0,9,91,2.649999999999963,1.0,0,4,44,0.0
0,L0_B0,9,92,32.699999999999775,1.0,0,4,81,0.0
0,L0_B0,9,93,37.54999999999971,1.0,0,4,83,0.0
0,L0_B0,9,94,138.65000000000052,1.0,1,3,81,0.0
0,L0_B0,9,95,326.25000000000017,1.0,3,1,46,0.0
0,L0_B0,9,96,36.29999999999971,1.0,0,4,84,0.0
0,L0_B0,9,97,-3.0999999999999943,1.0,0,4,43,0.0
0,L0_B0,9,98,178.10000000000016,1.0,1,3,121,0.0
0,L0_B0,9,99,68.79999999999949,1.0,0,4,121,0.0
0,L0_B0,9,100,136.50000000000094,1.0,1,3,83,0.0
0,L0_B0,10,1,231.80000000000018,1.0,2,2,63,0.0
0,L0_B0,10,2,-2.5499999999999687,1.0,0,4,42,0.0
0,L0_B0,10,3,152.0500000000007,1.0,1,3,100,0.0
0,L0_B0,10,4,124.60000000000007,1.0,1,3,63,0.0
0,L0_B0,10,5,105.55000000000022,1.0,1,3,42,0.0
0,L0_B0,10,6,55.14999999999958,1.0,0,4,100,0.0
0,L0_B0,10,7,-1.8499999999999872,1.0,0,4,42,0.0
0,L0_B0,10,8,149.15000000000074,1.0,1,3,100,0.0
0,L0_B0,10,9,16.69999999999986,1.0,0,4,63,0.0
0,L0_B0,10,10,45.39999999999965,1.0,0,4,98,0.0
0,L0_B0,10,11,2.8499999999999552,1.0,0,4,43,0.0
0,L0_B0,10,12,48.199999999999605,1.0,0,4,98,0.0
0,L0_B0,10,13,-0.45000000000000995,1.0,0,4,42,0.0
0,L0_B0,10,14,20.549999999999834,1.0,0,4,63,0.0
0,L0_B0,10,15,-2.549999999999983,1.0,0,4,42,0.0
0,L0_B0,10,16,128.54999999999993,1.0,1,3,64,0.0
0,L0_B0,10,17,229.3500000000002,1.0,2,2,63,0.0
0,L0_B0,10,18,53.44999999999956,1.0,0,4,98,0.0
0,L0_B0,10,19,24.0499999999998,1.0,0,4,63,0.0
0,L0_B0,10,20,105.35000000000018,1.0,1,3,42,0.0
0,L0_B0,10,21,13.69999999999991,1.0,0,4,64,0.0
0,L0_B0,10,22,21.3999999999998,1.0,0,4,64,0.0
0,L0_B0,10,23,124.65000000000002,1.0,1,3,63,0.0
0,L0_B0,10,24,122.50000000000004,1.0,1,3,63,0.0
0,L0_B0,10,25,154.50000000000068,1.0,1,3,98,0.0
0,L0_B0,10,26,261.0500000000003,1.0,2,2,98,0.0
0,L0_B0,10,27,-2.8999999999999915,1.0,0,4,42,0.0
0,L0_B0,10,28,13.199999999999896,1.0,0,4,63,0.0
0,L0_B0,10,29,53.09999999999958,1.0,0,4,98,0.0
0,L0_B0,10,30,-0.8000000000000043,1.0,0,4,42,0.0
0,L0_B0,10,31,49.899999999999636,1.0,0,4,100,0.0
0,L0_B0,10,32,22.099999999999778,1.0,0,4,64,0.0
0,L0_B0,10,33,-3.599999999999987,1.0,0,4,42,0.0
0,L0_B0,10,34,19.84999999999981,1.0,0,4,63,0.0
0,L0_B0,10,35,54.44999999999958,1.0,0,4,100,0.0
0,L0_B0,10,36,108.15000000000016,1.0,1,3,42,0.0
0,L0_B0,10,37,149.25000000000128,1.0,1,3,100,0.0
0,L0_B0,10,38,14.949999999999868,1.0,0,4,63,0.0
0,L0_B0,10,39,19.149999999999856,1.0,0,4,63,0.0
0,L0_B0,10,40,122.3,1.0,1,3,64,0.0
0,L0_B0,10,41,107.95000000000006,1.0,1,3,42,0.0
0,L0_B0,10,42,51.349999999999596,1.0,0,4,98,0.0
0,L0_B0,10,43,15.999999999999872,1.0,0,4,63,0.0
0,L0_B0,10,44,11.449999999999928,1.0,0,4,63,0.0
0,L0_B0,10,45,15.999999999999872,1.0,0,4,63,0.0
0,L0_B0,10,46,0.9499999999999957,1.0,0,4,42,0.0
0,L0_B0,10,47,51.29999999999961,1.0,0,4,100,0.0
0,L0_B0,10,48,157.60000000000014,1.0,1,3,98,0.0
0,L0_B0,10,49,-0.30000000000001137,1.0,0,4,43,0.0
0,L0_B0,10,50,20.34999999999983,1.0,0,4,64,0.0
0,L0_B0,10,51,19.149999999999828,1.0,0,4,63,0.0
0,L0_B0,10,52,55.54999999999953,1.0,0,4,98,0.0
0,L0_B0,10,53,48.54999999999964,1.0,0,4,98,0.0
0,L0_B0,10,54,129.45000000000013,1.0,1,3,64,0.0
0,L0_B0,10,55,147.75000000000142,1.0,1,3,100,0.0
0,L0_B0,10,56,127.25000000000024,1.0,1,3,64,0.0
0,L0_B0,10,57,18.249999999999865,1.0,0,4,64,0.0
0,L0_B0,10,58,19.149999999999828,1.0,0,4,63,0.0
0,L0_B0,10,59,20.19999999999984,1.0,0,4,63,0.0
0,L0_B0,10,60,17.199999999999847,1.0,0,4,64,0.0
0,L0_B0,10,61,51.69999999999958,1.0,0,4,98,0.0
0,L0_B0,10,62,51.64999999999961,1.0,0,4,100,0.0
0,L0_B0,10,63,53.09999999999957,1.0,0,4,98,0.0
0,L0_B0,10,64,108.40000000000013,1.0,1,3,42,0.0
0,L0_B0,10,65,51.2999999999996,1.0,0,4,100,0.0
0,L0_B0,10,66,-0.8000000000000043,1.0,0,4,42,0.0
0,L0_B0,10,67,120.65000000000056,1.0,1,3,63,0.0
0,L0_B0,10,68,17.39999999999985,1.0,0,4,63,0.0
0,L0_B0,10,69,13.549999999999912,1.0,0,4,63,0.0
0,L0_B0,10,70,-1.6999999999999886,1.0,0,4,43,0.0
0,L0_B0,10,71,104.10000000000018,1.0,1,3,42,0.0
0,L0_B0,10,72,19.849999999999817,1.0,0,4,63,0.0
0,L0_B0,10,73,19.649999999999842,1.0,0,4,64,0.0
0,L0_B0,10,74,18.949999999999832,1.0,0,4,64,0.0
0,L0_B0,10,75,123.35000000000075,1.0,1,3,63,0.0
0,L0_B0,10,76,18.249999999999858,1.0,0,4,64,0.0
0,L0_B0,10,77,156.45000000000078,1.0,1,3,100,0.0
0,L0_B0,10,78,18.799999999999848,1.0,0,4,63,0.0
0,L0_B0,10,79,55.19999999999956,1.0,0,4,98,0.0
0,L0_B0,10,80,151.95000000000164,1.0,1,3,98,0.0
0,L0_B0,10,81,-1.6999999999999957,1.0,0,4,43,0.0
0,L0_B0,10,82,155.34999999999997,1.0,1,3,98,0.0
0,L0_B0,10,83,52.39999999999958,1.0,0,4,98,0.0
0,L0_B0,10,84,-1.3499999999999872,1.0,0,4,43,0.0
0,L0_B0,10,85,158.20000000000005,1.0,1,3,98,0.0
0,L0_B0,10,86,160.9000000000001,1.0,1,3,98,0.0
0,L0_B0,10,87,-0.45000000000000284,1.0,0,4,42,0.0
0,L0_B0,10,88,51.99999999999959,1.0,0,4,100,0.0
0,L0_B0,10,89,126.05000000000017,1.0,1,3,63,0.0
0,L0_B0,10,90,54.799999999999585,1.0,0,4,100,0.0
0,L0_B0,10,91,124.85000000000029,1.0,1,3,63,0.0
0,L0_B0,10,92,49.549999999999656,1.0,0,4,100,0.0
0,L0_B0,10,93,50.29999999999963,1.0,0,4,98,0.0
0,L0_B0,10,94,-1.8500000000000014,1.0,0,4,42,0.0
0,L0_B0,10,95,46.09999999999968,1.0,0,4,98,0.0
0,L0_B0,10,96,18.599999999999845,1.0,0,4,64,0.0
0,L0_B0,10,97,106.80000000000008,1.0,1,3,43,0.0
0,L0_B0,10,98,51.9999999999996,1.0,0,4,100,0.0
0,L0_B0,10,99,126.89999999999988,1.0,1,3,64,0.0
0,L0_B0,10,100,18.449999999999854,1.0,0,4,63,0.0
